{
  "best_val_loss": 27.070175170898438,
  "best_entity_acc": 0.07999999821186066,
  "best_capability_f1": 0.10574804514207096,
  "total_epochs": 1,
  "last_val_metrics": {
    "val_metrics/entity_type/accuracy": 0.07999999821186066,
    "val_metrics/entity_type/top3_accuracy": 0.1599999964237213,
    "val_metrics/parent_class/accuracy": 0.10999999940395355,
    "val_metrics/parent_class/top3_accuracy": 0.5600000023841858,
    "val_metrics/root_class/accuracy": 0.9300000071525574,
    "val_metrics/root_class/top3_accuracy": 1.0,
    "val_metrics/coarse_class/accuracy": 0.07999999821186066,
    "val_metrics/coarse_class/top3_accuracy": 0.5299999713897705,
    "val_metrics/material/accuracy": 0.07000000029802322,
    "val_metrics/material/top3_accuracy": 0.14000000059604645,
    "val_metrics/phase/accuracy": 0.05999999865889549,
    "val_metrics/phase/top3_accuracy": 0.8999999761581421,
    "val_metrics/mobility/accuracy": 0.23000000417232513,
    "val_metrics/mobility/top3_accuracy": 0.6600000262260437,
    "val_metrics/size_class/accuracy": 0.1899999976158142,
    "val_metrics/size_class/top3_accuracy": 0.5400000214576721,
    "val_metrics/shape/accuracy": 0.09000000357627869,
    "val_metrics/shape/top3_accuracy": 0.25999999046325684,
    "val_metrics/mass_class/accuracy": 0.14000000059604645,
    "val_metrics/mass_class/top3_accuracy": 0.3799999952316284,
    "val_metrics/contact_type/accuracy": 0.3499999940395355,
    "val_metrics/contact_type/top3_accuracy": 0.7200000286102295,
    "val_metrics/stability/accuracy": 0.18000000715255737,
    "val_metrics/stability/top3_accuracy": 0.7200000286102295,
    "val_metrics/friction_class/accuracy": 0.5099999904632568,
    "val_metrics/friction_class/top3_accuracy": 0.8700000047683716,
    "val_metrics/restitution_class/accuracy": 0.25,
    "val_metrics/restitution_class/top3_accuracy": 0.5299999713897705,
    "val_metrics/capabilities/precision": 0.06013667425954411,
    "val_metrics/capabilities/recall": 0.43781094526637127,
    "val_metrics/capabilities/f1": 0.10574804514207096,
    "val_metrics/capabilities/mAP": 0.09344732198575188,
    "val_metrics/affordances/precision": 0.05193717277476034,
    "val_metrics/affordances/recall": 0.45338208408677544,
    "val_metrics/affordances/f1": 0.0931980440027357,
    "val_metrics/affordances/mAP": 0.08486862488581964,
    "val_metrics/scene_roles/precision": 0.16925734023887293,
    "val_metrics/scene_roles/recall": 0.46666666664444445,
    "val_metrics/scene_roles/f1": 0.24841571218365327,
    "val_metrics/scene_roles/mAP": 0.331494708994709
  }
}